Classifier,AreaUnderCurve,AUC_StandardDeviation
Logistic Regression,0.5454125353157231,0.006049607989410547
SVM (SGD),0.4838096692396666,0.019972628652488198
Bernouli Naive Bayes,0.6371268875437617,0.003993524430067469
Gaussian Naive Bayes,0.5467251685199397,0.006786992321427806
K Nearest Neighbors,0.5595858451433151,0.004106970286022172
Decision Tree,0.5517242878757945,0.004423739787912982
Grandiant Boosting,0.668889238200702,0.004080234171758312
AdaBoost,0.6600617087327141,0.004046577346988322
Random Forest,0.6063911224625087,0.004582269379783173
