cost,n_cluster,silhouette_avg
154299.0,2,0.16818632176272366
145251.0,3,0.16740330630329653
115533.0,4,0.28605312188319915
113965.0,5,0.27578159334856805
98491.0,6,0.30202536483820147
103869.0,7,0.24864976401454858
79303.0,8,0.30696271154741805
84224.0,9,0.29138121218840846
77949.0,10,0.33926262398703505
72554.0,11,0.33748900410709876
72649.0,12,0.39356781516847944
66174.0,13,0.38898705463288213
60496.0,14,0.3894768351765932
57832.0,15,0.45075961461115766
57737.0,16,0.4468344884946512
56090.0,17,0.4956208313694313
52140.0,18,0.5068643647475362
56932.0,19,0.447960804371806
57765.0,20,0.4578585481249901
