cost,n_cluster,silhouette_avg
79791.0,2,0.3792987297639434
65483.0,3,0.45084731451118387
62144.0,4,0.48192931500862896
62638.0,5,0.48141456444075653
50517.0,6,0.5410494545719835
43894.0,7,0.5716636959341783
49663.0,8,0.5741814899833106
45418.0,9,0.5559555464481714
43194.0,10,0.6128345539744077
